﻿<?xml version="1.0" encoding="utf-8"?>
<key id="f71eef74-cc75-43bd-a148-020c9c19fd6c" version="1">
  <creationDate>2025-11-27T11:30:47.9426283Z</creationDate>
  <activationDate>2025-11-27T11:30:47.9426283Z</activationDate>
  <expirationDate>2026-02-25T11:30:47.9426283Z</expirationDate>
  <descriptor deserializerType="Microsoft.AspNetCore.DataProtection.AuthenticatedEncryption.ConfigurationModel.AuthenticatedEncryptorDescriptorDeserializer, Microsoft.AspNetCore.DataProtection, Version=9.0.0.0, Culture=neutral, PublicKeyToken=adb9793829ddae60">
    <descriptor>
      <encryption algorithm="AES_256_CBC" />
      <validation algorithm="HMACSHA256" />
      <masterKey p4:requiresEncryption="true" xmlns:p4="http://schemas.asp.net/2015/03/dataProtection">
        <!-- Warning: the key below is in an unencrypted form. -->
        <value>caFFJdJStZcaYeLzCll9kpMi0TVRQ2qUVC69W0pI6gO0q7o/Pih7Bf63Yit6AquUcnK1CoQND1imIr+/xMI5TA==</value>
      </masterKey>
    </descriptor>
  </descriptor>
</key>