﻿<?xml version="1.0" encoding="utf-8"?>
<key id="56bacb5b-eb24-4653-991f-9c0453396732" version="1">
  <creationDate>2025-11-26T15:39:32.2167992Z</creationDate>
  <activationDate>2025-11-26T15:39:32.2167992Z</activationDate>
  <expirationDate>2026-02-24T15:39:32.2167992Z</expirationDate>
  <descriptor deserializerType="Microsoft.AspNetCore.DataProtection.AuthenticatedEncryption.ConfigurationModel.AuthenticatedEncryptorDescriptorDeserializer, Microsoft.AspNetCore.DataProtection, Version=9.0.0.0, Culture=neutral, PublicKeyToken=adb9793829ddae60">
    <descriptor>
      <encryption algorithm="AES_256_CBC" />
      <validation algorithm="HMACSHA256" />
      <masterKey p4:requiresEncryption="true" xmlns:p4="http://schemas.asp.net/2015/03/dataProtection">
        <!-- Warning: the key below is in an unencrypted form. -->
        <value>0xqPYJ8CS64aqDa3EHMzFLU7YXGZ2NxHifCL9oewjAExiul5ac8dacDp3uH0sHEzA4QUapOnMgx3ZQlalmk3PQ==</value>
      </masterKey>
    </descriptor>
  </descriptor>
</key>