{
  "workflow_version": "1.2.0",
  "timestamps": {
    "started": "2025-12-13T00:00:00Z",
    "completed": "2025-12-13T00:45:00Z"
  },
  "mode": "initial_scan",
  "scan_level": "deep",
  "project_root": "D:\\deploy",
  "output_folder": "D:\\deploy\\docs",
  "completed_steps": [
    {"step": "step_1", "status": "completed", "summary": "Classified as monolith - ASP.NET Core 9 Web App with Vertical Slice Architecture"},
    {"step": "step_2", "status": "completed", "summary": "Found 6 main docs + ~170 Analysis.md files per feature"},
    {"step": "step_3", "status": "completed", "summary": "Analyzed full tech stack: .NET 9, EF Core, Tailwind, jQuery"},
    {"step": "step_4", "status": "completed", "summary": "Conditional analysis: ~140 APIs, ~90 entities, ~100 services"},
    {"step": "step_5", "status": "completed", "summary": "Generated source tree analysis"},
    {"step": "step_6", "status": "completed", "summary": "Generated architecture and development documentation"},
    {"step": "step_7", "status": "completed", "summary": "Generated master index"}
  ],
  "findings": {
    "project_classification": {
      "repository_type": "monolith",
      "parts_count": 1,
      "primary_tech": "ASP.NET Core 9.0 + EF Core + Razor + Tailwind",
      "architecture_pattern": "Vertical Slice Architecture"
    },
    "metrics": {
      "feature_modules": "~170+",
      "api_controllers": "~140+",
      "http_endpoints": "~1927",
      "entity_classes": "~90+",
      "service_interfaces": "~100+",
      "analysis_docs": "~170+"
    },
    "migration_status": {
      "completed": "~85%",
      "in_progress": "~5%",
      "not_needed": "~10%"
    }
  },
  "outputs_generated": [
    "project-scan-report.json",
    "index.md",
    "project-overview.md",
    "architecture.md",
    "source-tree-analysis.md",
    "development-guide.md"
  ],
  "user_context": {
    "vb6_folder": "vb6/ - Source code of old VB6 app",
    "features_md": "features.md - Detected functionalities from old source",
    "vb2_md": "vb2.md - Flows and navigation sequence of old app",
    "analysis_md": "Each feature has Analysis.md with deep VB6→.NET migration analysis"
  }
}
