{
  "quickActions": [
    {
      "name": "Nuevo Comprobante",
      "controller": "NuevoComprobante",
      "action": "Index",
      "icon": "plus-circle",
      "color": "primary"
    },
    {
      "name": "Listar Comprobantes",
      "controller": "ListarComprobantes",
      "action": "Index",
      "icon": "list",
      "color": "blue"
    },
    {
      "name": "Importar Comprobantes",
      "controller": "ImportarComprobantes",
      "action": "Index",
      "icon": "upload",
      "color": "green"
    },
    {
      "name": "Libro Diario",
      "controller": "LibroDiario",
      "action": "Index",
      "icon": "book-open",
      "color": "purple"
    },
    {
      "name": "Libro Mayor",
      "controller": "LibroMayor",
      "action": "Index",
      "icon": "book",
      "color": "purple"
    },
    {
      "name": "Balance General",
      "controller": "BalanceGeneral",
      "action": "Index",
      "icon": "chart-bar",
      "color": "orange"
    },
    {
      "name": "Resumen IVA",
      "controller": "ResumenIva",
      "action": "Index",
      "icon": "receipt-tax",
      "color": "red"
    },
    {
      "name": "Gestión de Documentos",
      "controller": "GestionDocumentos",
      "action": "Index",
      "icon": "document-text",
      "color": "indigo"
    }
  ],
  "sections": [
    {
      "id": "preparacion-parametros",
      "name": "Preparación & Parámetros",
      "icon": "cog",
      "order": 1,
      "subsections": [
        {
          "id": "empresa",
          "name": "Empresa",
          "items": [
            { "name": "Seleccionar Empresa", "controller": "SeleccionarEmpresa", "action": "Index" },
            { "name": "Datos Empresa", "controller": "DatosEmpresa", "action": "Index" },
            { "name": "Datos Oficina", "controller": "DatosOficina", "action": "Index" },
            { "name": "Listado de Empresas", "controller": "ListadoEmpresas", "action": "Index" },
            { "name": "Control de Empresas", "controller": "ControlEmpresas", "action": "Index" },
            { "name": "Importar Empresas", "controller": "ImportarEmpresas", "action": "Index" },
            { "name": "Exportar Empresa", "controller": "ExportarEmpresa", "action": "Index" },
            { "name": "Eliminar Empresa/Año", "controller": "EliminarEmpresaAno", "action": "Index" }
          ]
        },
        {
          "id": "plan-cuentas",
          "name": "Plan de Cuentas",
          "items": [
            { "name": "Plan de Cuentas", "controller": "PlanCuentas", "action": "Index" },
            { "name": "Configuración Plan Cuentas", "controller": "ConfiguracionPlanCuentas", "action": "Index" },
            { "name": "Config Plan Cuentas 2019", "controller": "ConfiguracionPlanCuentas2019", "action": "Index" },
            { "name": "Copiar Plan de Cuentas", "controller": "CopiarPlanCuentas", "action": "Index" },
            { "name": "Listado Plan de Cuentas", "controller": "ListadoPlanCuentas", "action": "Index" },
            { "name": "Preview Plan de Cuentas", "controller": "PreviewPlanCuentas", "action": "Index" },
            { "name": "Cuentas Básicas", "controller": "CuentasDefinidas", "action": "Index" },
            { "name": "Configurar Códigos IFRS", "controller": "ConfigurarCodigosIfrs", "action": "Index" },
            { "name": "Niveles", "controller": "Niveles", "action": "Index" },
            { "name": "Grupos", "controller": "Grupos", "action": "Index" }
          ]
        },
        {
          "id": "estructura",
          "name": "Estructura",
          "items": [
            { "name": "Sucursales", "controller": "Sucursales", "action": "Index" },
            { "name": "Áreas de Negocio", "controller": "AreasNegocio", "action": "Index" },
            { "name": "Centros de Costo", "controller": "CentrosCosto", "action": "Index" },
            { "name": "Tipos de Documentos", "controller": "TiposDocumentos", "action": "Index" },
            { "name": "Entidades Relacionadas", "controller": "EntidadesRelacionadas", "action": "Index" },
            { "name": "Edición de Entidad", "controller": "EdicionEntidad", "action": "Index" }
          ]
        },
        {
          "id": "parametros-contables",
          "name": "Parámetros Contables",
          "items": [
            { "name": "Configuración Principal", "controller": "ConfiguracionPrincipal", "action": "Index" },
            { "name": "Configuración de Impuestos", "controller": "ConfiguracionImpuestosAdicionales", "action": "Index", "params": { "tipoLib": 1 } },
            { "name": "Proporcionalidad IVA", "controller": "ProporcionalidadIva", "action": "Index" },
            { "name": "Configuración FUT", "controller": "ConfiguracionFut", "action": "Index" },
            { "name": "Cuentas Ajustes Extra-Contables", "controller": "CuentasAjustesExtraContables", "action": "Index" },
            { "name": "Cuentas Ajustes RLI", "controller": "CuentasAjustesRli", "action": "Index" },
            { "name": "Cuentas Libro Compras", "controller": "CuentasLibroCompras", "action": "Index" },
            { "name": "Cuentas Libro Ventas", "controller": "CuentasLibroVentas", "action": "Index" },
            { "name": "Monedas", "controller": "Monedas", "action": "Index" },
            { "name": "Mantenimiento Monedas", "controller": "MantenimientoMonedas", "action": "Index" },
            { "name": "Equivalencias Monedas", "controller": "EquivalenciasMonedas", "action": "Index" },
            { "name": "Conversión de Monedas", "controller": "ConversionMonedas", "action": "Index" },
            { "name": "Factores de Actualización", "controller": "FactoresActualizacion", "action": "Index" },
            { "name": "Valores e Índices (IPC)", "controller": "ValoresIndices", "action": "Index" },
            { "name": "Actualización Glosas", "controller": "ActualizacionGlosas", "action": "Index" },
            { "name": "Glosas", "controller": "Glosas", "action": "Index" }
          ]
        },
        {
          "id": "usuarios-seguridad",
          "name": "Usuarios y Seguridad",
          "items": [
            { "name": "Usuarios del Sistema", "controller": "UsuariosSistema", "action": "Index" },
            { "name": "Perfiles y Permisos", "controller": "PerfilesPermisos", "action": "Index" },
            { "name": "Privilegios por Empresa", "controller": "PrivilegiosPorEmpresa", "action": "Index" },
            { "name": "Usuarios Fiscalizadores", "controller": "UsuariosFiscalizadores", "action": "Index" },
            { "name": "Cambiar Contraseña", "controller": "Auth", "action": "CambiarPassword" }
          ]
        }
      ]
    },
    {
      "id": "operacion-diaria",
      "name": "Operación Diaria",
      "icon": "pencil-alt",
      "order": 2,
      "subsections": [
        {
          "id": "comprobantes",
          "name": "Comprobantes",
          "items": [
            { "name": "Nuevo Comprobante", "controller": "NuevoComprobante", "action": "Index" },
            { "name": "Listar Comprobantes", "controller": "ListarComprobantes", "action": "Index" },
            { "name": "Listar por Tipo", "controller": "ListarPorTipo", "action": "Index" },
            { "name": "Importar Comprobantes", "controller": "ImportarComprobantes", "action": "Index" },
            { "name": "Renumerar Comprobantes", "controller": "RenumerarComprobantes", "action": "Index" },
            { "name": "Cambio de Estado", "controller": "CambioEstado", "action": "Index" },
            { "name": "Seguimiento de Cambios", "controller": "SeguimientoCambios", "action": "Index" },
            { "name": "Seguimiento de Movimientos", "controller": "SeguimientoMovimientos", "action": "Index" }
          ]
        },
        {
          "id": "importacion",
          "name": "Importación",
          "items": [
            { "name": "Importar desde Archivo", "controller": "ImportarDesdeArchivo", "action": "Index" },
            { "name": "Importar Libros Auxiliares", "controller": "ImportarLibrosAuxiliares", "action": "Index" },
            { "name": "Importar Remuneraciones", "controller": "ImportarRemuneraciones", "action": "Index" },
            { "name": "Importar desde HR", "controller": "ImportarDesdeHr", "action": "Index" },
            { "name": "Importar desde LP Remu", "controller": "ImportarDesdeLpRemu", "action": "Index" },
            { "name": "Importar Cartolas Bancarias", "controller": "ImportarCartolasBancarias", "action": "Index" },
            { "name": "Importar Facturación", "controller": "ImportarFacturacion", "action": "Index" },
            { "name": "Importar Otros Docs", "controller": "ImportarOtrosDocs", "action": "Index" },
            { "name": "Importar Otros Docs Completa", "controller": "ImportarOtrosDocsCompleta", "action": "Index" },
            { "name": "Ejemplo Importación", "controller": "EjemploImportacion", "action": "Index" },
            { "name": "Formato Importación Entidades", "controller": "FormatoImportacionEntidades", "action": "Index" }
          ]
        },
        {
          "id": "gestion-documental",
          "name": "Gestión Documental",
          "items": [
            { "name": "Gestión de Documentos", "controller": "GestionDocumentos", "action": "Index" },
            { "name": "Listado de Documentos", "controller": "ListadoDocumentos", "action": "Index" },
            { "name": "Revisar Detalle de Documentos", "controller": "RevisarDetalleDocumentos", "action": "Index" },
            { "name": "Seguimiento de Documentos", "controller": "SeguimientoDocumentos", "action": "Index" },
            { "name": "Documentos de Libros", "controller": "DocumentosLibros", "action": "Index" },
            { "name": "Traspaso OD a ODF", "controller": "TraspasoOdToOdf", "action": "Index" },
            { "name": "Información de Folios", "controller": "InformacionFolios", "action": "Index" },
            { "name": "Foliación para Timbraje", "controller": "FoliacionParaTimbraje", "action": "Index" },
            { "name": "Configuración Hojas Timbraje", "controller": "ConfiguracionHojasTimbraje", "action": "Index" },
            { "name": "Compra Venta", "controller": "CompraVenta", "action": "Index" }
          ]
        },
        {
          "id": "conciliacion-cuotas",
          "name": "Conciliación y Cuotas",
          "items": [
            { "name": "Gestión de Conciliación", "controller": "GestionConciliacion", "action": "Index" },
            { "name": "Información de Conciliación", "controller": "InformacionConciliacion", "action": "Index" },
            { "name": "Resumen Información Conciliación", "controller": "ResumenInformacionConciliacion", "action": "Index" },
            { "name": "Resumen Cartolas", "controller": "ResumenCartolas", "action": "Index" },
            { "name": "Gestión de Cuotas", "controller": "GestionCuotas", "action": "Index" },
            { "name": "Listado de Cuotas", "controller": "ListadoCuotas", "action": "Index" },
            { "name": "Análisis de Vencimientos", "controller": "AnalisisVencimientos", "action": "Index" },
            { "name": "Información de Vencimientos", "controller": "InformacionVencimientos", "action": "Index" },
            { "name": "Configuración Email", "controller": "CuentaEmail", "action": "Index" }
          ]
        },
        {
          "id": "activo-fijo",
          "name": "Activo Fijo",
          "items": [
            { "name": "Gestión de Activo Fijo", "controller": "GestionActivoFijo", "action": "Index" },
            { "name": "Listado de Activo Fijo", "controller": "ListadoActivoFijo", "action": "Index" },
            { "name": "Importar Activo Fijo", "controller": "ImportarActivoFijo", "action": "Index" },
            { "name": "Importar Activo Fijo (Archivo)", "controller": "ImportarActivoFijoArchivo", "action": "Index" },
            { "name": "Marcación Activo Fijo", "controller": "MarcacionActivoFijo", "action": "Index" },
            { "name": "Configuración Activo Fijo", "controller": "ConfiguracionActivoFijo", "action": "Index" },
            { "name": "Configuración Activo Fijo IFRS", "controller": "ConfiguracionActivoFijoIfrs", "action": "Index" },
            { "name": "Configuración Comprobante AF", "controller": "ConfiguracionComprobanteActivoFijo", "action": "Index" }
          ]
        }
      ]
    },
    {
      "id": "control-reportes",
      "name": "Control & Reportes",
      "icon": "chart-bar",
      "order": 3,
      "subsections": [
        {
          "id": "libros-contables",
          "name": "Libros Contables",
          "items": [
            { "name": "Libro Diario", "controller": "LibroDiario", "action": "Index" },
            { "name": "Libro Mayor", "controller": "LibroMayor", "action": "Index" },
            { "name": "Libro de Caja", "controller": "LibroCaja", "action": "Index" },
            { "name": "Libro Inventario y Balance", "controller": "LibroInventarioBalance", "action": "Index" },
            { "name": "Libro Ingresos y Egresos", "controller": "LibroIngresosEgresos", "action": "Index" },
            { "name": "Libros Impresos", "controller": "LibrosImpresos", "action": "Index" },
            { "name": "Saldos Totales Libro Caja", "controller": "SaldosTotalesLibroCaja", "action": "Index" },
            { "name": "Ajustes Extra Contables Caja", "controller": "AjustesExtraContablesCaja", "action": "Index" },
            { "name": "Ajustes RLI Caja", "controller": "AjustesRliCaja", "action": "Index" }
          ]
        },
        {
          "id": "libros-auxiliares",
          "name": "Libros Auxiliares",
          "items": [
            { "name": "Compra Venta", "controller": "CompraVenta", "action": "Index" },
            { "name": "Libro Electrónico Compras", "controller": "LibroElectronicoCompras", "action": "Index" },
            { "name": "Libro de Retenciones", "controller": "LibroRetenciones", "action": "Index" },
            { "name": "Resumen Libros Auxiliares", "controller": "ResumenLibrosAuxiliares", "action": "Index" }
          ]
        },
        {
          "id": "balances-estados",
          "name": "Balances y Estados Financieros",
          "items": [
            { "name": "Balance General", "controller": "BalanceGeneral", "action": "Index" },
            { "name": "Balance Clasificado", "controller": "BalanceClasificado", "action": "Index" },
            { "name": "Estado de Resultado IFRS", "controller": "EstadoResultadoIfrs", "action": "Index" },
            { "name": "Balance de Comprobación", "controller": "BalanceComprobacion", "action": "Index" },
            { "name": "Balance Desglosado", "controller": "BalanceDesglosado", "action": "Index" },
            { "name": "Balance Ejecutivo", "controller": "BalanceEjecutivo", "action": "Index" },
            { "name": "Balance Ejecutivo IFRS", "controller": "BalanceEjecutivoIfrs", "action": "Index" },
            { "name": "Balance Tributario IFRS", "controller": "BalanceTributarioIfrs", "action": "Index" },
            { "name": "Balance Comparativo", "controller": "BalanceClasificadoComparativo", "action": "Balance" },
            { "name": "Estado Resultado Comparativo", "controller": "BalanceClasificadoComparativo", "action": "EstadoResultado" },
            { "name": "Estado Situación Financiera IFRS", "controller": "EstadoSituacionFinancieraIfrs", "action": "Index" }
          ]
        },
        {
          "id": "informes-analiticos",
          "name": "Informes Analíticos",
          "items": [
            { "name": "Informe Analítico", "controller": "InformeAnalitico", "action": "Index" },
            { "name": "Informe Analítico Avanzado", "controller": "InformeAnaliticoAvanzado", "action": "Index" },
            { "name": "Informe Analítico Completo", "controller": "InformeAnaliticoCompleto", "action": "Index" },
            { "name": "Informe Analítico Extendido", "controller": "InformeAnaliticoExtendido", "action": "Index" },
            { "name": "Informe Analítico Ext. Legacy", "controller": "InformeAnaliticoExtendidoLegacy", "action": "Index" },
            { "name": "Reporte por Nivel", "controller": "ReportePorNivel", "action": "Index" },
            { "name": "Razones Financieras", "controller": "RazonesFinancieras", "action": "Index" },
            { "name": "Mantenimiento Razones", "controller": "MantenimientoRazonesFinancieras", "action": "Index" },
            { "name": "Listado de Atributos", "controller": "ListadoAtributos", "action": "Index" }
          ]
        },
        {
          "id": "analisis-auditoria",
          "name": "Análisis y Auditoría",
          "items": [
            { "name": "Auditoría General", "controller": "AuditoriaGeneral", "action": "Index" },
            { "name": "Auditoría Cuentas Definidas", "controller": "AuditoriaCuentasDefinidas", "action": "Index" },
            { "name": "Auditoría Libros Contables", "controller": "AuditoriaLibrosContables", "action": "Index" },
            { "name": "Control de Empresas", "controller": "ControlEmpresas", "action": "Index" },
            { "name": "Reporte Control Empresas", "controller": "ReporteControlEmpresas", "action": "Index" },
            { "name": "Reporte Control Empresas Alt", "controller": "ReporteControlEmpresasAlt", "action": "Index" },
            { "name": "Diagnóstico", "controller": "Diagnostico", "action": "Index" }
          ]
        },
        {
          "id": "activo-fijo-reportes",
          "name": "Reportes de Activo Fijo",
          "items": [
            { "name": "Reporte Activo Fijo", "controller": "ReporteActivoFijo", "action": "Index" },
            { "name": "Reporte Activo Fijo IFRS", "controller": "ReporteActivoFijoIfrs", "action": "Index" }
          ]
        },
        {
          "id": "configuracion-informes",
          "name": "Configuración de Informes",
          "items": [
            { "name": "Configuración de Informes", "controller": "ConfiguracionInformes", "action": "Index" },
            { "name": "Configuración Firma Informes", "controller": "ConfiguracionFirmaInformes", "action": "Index" },
            { "name": "Configuración de Impresión", "controller": "ConfiguracionImpresion", "action": "Index" },
            { "name": "Config. Impresión Cheques", "controller": "ConfiguracionImpresionCheques", "action": "Index" },
            { "name": "Impresión de Cheques", "controller": "ImpresionCheques", "action": "Index" }
          ]
        }
      ]
    },
    {
      "id": "impuestos-integraciones",
      "name": "Impuestos & Integraciones",
      "icon": "calculator",
      "order": 4,
      "subsections": [
        {
          "id": "iva-declaraciones",
          "name": "IVA y Declaraciones Mensuales",
          "items": [
            { "name": "Resumen IVA", "controller": "ResumenIva", "action": "Index" },
            { "name": "Gestión de IVA", "controller": "Iva", "action": "Index" },
            { "name": "Proporcionalidad IVA", "controller": "ProporcionalidadIva", "action": "Index" },
            { "name": "Importar Formulario 29", "controller": "ImportarF29", "action": "Index" },
            { "name": "Exportar Formulario 29", "controller": "ExportarF29", "action": "Index" },
            { "name": "Base Imponible", "controller": "BaseImponible", "action": "Index" },
            { "name": "Base Imponible 14D", "controller": "BaseImponible14D", "action": "Index" },
            { "name": "Base Imponible 14D Completa", "controller": "BaseImponible14DCompleta", "action": "Index" },
            { "name": "Detalle Base Imponible 14D", "controller": "DetalleBaseImponible14D", "action": "Index" },
            { "name": "Resumen Documentos", "controller": "ResumenDocumentos", "action": "Index" },
            { "name": "Resumen Retención 3%", "controller": "ResumenRetencion3Porc", "action": "Index" }
          ]
        },
        {
          "id": "renta-declaraciones",
          "name": "Renta y Declaraciones Anuales",
          "items": [
            { "name": "Exportar DJ Anual", "controller": "ExportarDjAnual", "action": "Index" },
            { "name": "Datos DJ 1847", "controller": "DatosDj1847", "action": "Index" },
            { "name": "Exportar Formulario 22", "controller": "ExportarF22", "action": "Index" },
            { "name": "Capital Propio", "controller": "CapitalPropio", "action": "Index" },
            { "name": "Capital Propio Simplificado", "controller": "CapitalPropioSimplificado", "action": "Index" },
            { "name": "Capital Aportado", "controller": "CapitalAportado", "action": "Index" },
            { "name": "Capital Simple Acumulado", "controller": "CapitalSimpleAcumulado", "action": "Index" },
            { "name": "Capital Simple Mini", "controller": "CapitalSimpleMini", "action": "Index" },
            { "name": "Detalle Capital Simple", "controller": "DetalleCapitalSimple", "action": "Index" }
          ]
        },
        {
          "id": "sincronizacion-sii",
          "name": "Sincronización SII",
          "items": [
            { "name": "Sincronización SII", "controller": "SincronizacionSii", "action": "Index" },
            { "name": "Solicitud Sincronización SII", "controller": "SolicitudSincronizacionSii", "action": "Index" },
            { "name": "Importar Datos SII", "controller": "ImportarDatosSii", "action": "Index" },
            { "name": "Importar Compras SII", "controller": "ImportarSiiCompras", "action": "Index" },
            { "name": "Importar Ventas SII", "controller": "ImportarSiiVentas", "action": "Index" },
            { "name": "Importar Retenciones SII", "controller": "ImportarSiiRetenciones", "action": "Index" }
          ]
        },
        {
          "id": "otras-integraciones",
          "name": "Otras Integraciones",
          "items": [
            { "name": "Exportar Entidades", "controller": "ExportarEntidades", "action": "Index" },
            { "name": "Exportar Facturación", "controller": "ExportarFacturacion", "action": "Index" },
            { "name": "Exportar Certificados HR", "controller": "ExportarHrCertificados", "action": "Index" },
            { "name": "Exportar Percepciones", "controller": "ExportarPercepciones", "action": "Index" },
            { "name": "Configuración Remuneraciones", "controller": "ConfiguracionRemuneraciones", "action": "Index" },
            { "name": "Herramientas de Integración", "controller": "HerramientasIntegracion", "action": "Index" },
            { "name": "Resumen VPE", "controller": "ResumenVpe", "action": "Index" },
            { "name": "Importar/Exportar Libros", "controller": "ImportarExportarLibros", "action": "Index" }
          ]
        },
        {
          "id": "otros-impuestos",
          "name": "Otros Impuestos",
          "items": [
            { "name": "Resumen Otros Impuestos", "controller": "ResumenOtrosImpuestos", "action": "Index" },
            { "name": "Percepciones", "controller": "Percepciones", "action": "Index" },
            { "name": "Mantenimiento Percepciones", "controller": "MantenimientoPercepciones", "action": "Index" }
          ]
        },
        {
          "id": "importacion-masiva",
          "name": "Importación Masiva",
          "items": [
            { "name": "Importar Áreas de Negocio", "controller": "ImportarAreasNegocio", "action": "Index" },
            { "name": "Importar Centros de Costo", "controller": "ImportarCentrosCosto", "action": "Index" },
            { "name": "Importar Sucursales", "controller": "ImportarSucursales", "action": "Index" }
          ]
        }
      ]
    },
    {
      "id": "cierre-contable",
      "name": "Cierre Contable",
      "icon": "lock-closed",
      "order": 5,
      "subsections": [
        {
          "id": "procesos-cierre",
          "name": "Procesos de Cierre",
          "items": [
            { "name": "Abrir/Cerrar Mes", "controller": "AbrirCerrarMes", "action": "Index" },
            { "name": "Cierre Anual", "controller": "CierreAnual", "action": "Index" },
            { "name": "Seguimiento Cierre/Apertura", "controller": "SeguimientoCierreApertura", "action": "Index" }
          ]
        },
        {
          "id": "apertura-ejercicio",
          "name": "Apertura de Ejercicio",
          "items": [
            { "name": "Apertura (nuevo ejercicio)", "controller": "Apertura", "action": "Index" },
            { "name": "Saldo de Apertura", "controller": "SaldoApertura", "action": "Index" },
            { "name": "Detalle Saldo de Apertura", "controller": "DetalleSaldoApertura", "action": "Index" }
          ]
        },
        {
          "id": "ajustes-finales",
          "name": "Ajustes Finales",
          "items": [
            { "name": "Ajustes Extra Contables Caja", "controller": "AjustesExtraContablesCaja", "action": "Index" },
            { "name": "Ajustes RLI Caja", "controller": "AjustesRliCaja", "action": "Index" },
            { "name": "Actualización de Glosas", "controller": "ActualizacionGlosas", "action": "Index" },
            { "name": "Traspaso OD a ODF", "controller": "TraspasoOdToOdf", "action": "Index" }
          ]
        }
      ]
    },
    {
      "id": "soporte-herramientas",
      "name": "Soporte & Herramientas",
      "icon": "wrench",
      "order": 6,
      "subsections": [
        {
          "id": "mantenimiento",
          "name": "Mantenimiento",
          "items": [
            { "name": "Diagnóstico", "controller": "Diagnostico", "action": "Index" },
            { "name": "Generar Backup", "controller": "GenerarBackup", "action": "Index" },
            { "name": "Respaldos", "controller": "Respaldos", "action": "Index" },
            { "name": "Respaldos VB50", "controller": "RespaldosVb50", "action": "Index" },
            { "name": "Error Log", "controller": "ErrorLog", "action": "Index" }
          ]
        },
        {
          "id": "asistentes",
          "name": "Asistentes",
          "items": [
            { "name": "Asistente Importación 1ª Categoría", "controller": "AsistenteImportacionPrimeraCategoria", "action": "Index" },
            { "name": "Asistente PPM", "controller": "AsistentePpm", "action": "Index" }
          ]
        },
        {
          "id": "ayuda",
          "name": "Ayuda",
          "items": [
            { "name": "Sistema de Ayuda", "controller": "Ayuda", "action": "Index" },
            { "name": "Acerca del Sistema", "controller": "AcercaDelSistema", "action": "Index" },
            { "name": "Requisitos del Sistema", "controller": "Requisitos", "action": "Index" },
            { "name": "Reporte de Problema", "controller": "ReporteProblema", "action": "Index" },
            { "name": "Información Ayuda Empresas", "controller": "InformacionAyudaEmpresas", "action": "Index" },
            { "name": "Ayuda Backup", "controller": "AyudaBackup", "action": "Index" },
            { "name": "Ayuda Importación Cartola", "controller": "AyudaImportacionCartola", "action": "Index" },
            { "name": "Ayuda Crédito 33bis", "controller": "AyudaCredito33bis", "action": "Index" }
          ]
        }
      ]
    }
  ]
}
